[{"id":41124264,"title":"\u0421\u044d\u043d\u0434\u0432\u0438\u0447","description":"","price":270,"original_price":380,"discount_percent":29,"image":"Images\/gym-banner.jpg","category":"\u0411\u0430\u0440","unit_format":"270 \u20bd"},{"id":41124243,"title":"\u041d\u0430\u043f\u0438\u0442\u043e\u043a","description":"","price":100,"original_price":180,"discount_percent":44,"image":"Images\/gym-banner.jpg","category":"\u0411\u0430\u0440","unit_format":"100 \u20bd"},{"id":41124219,"title":"\u0411\u0430\u0442\u043e\u043d\u0447\u0438\u043a","description":"","price":90,"original_price":180,"discount_percent":50,"image":"Images\/gym-banner.jpg","category":"\u0411\u0430\u0440","unit_format":"90 \u20bd"}]